"Geneid","baseMean","log2FoldChange","lfcSE","pvalue","padj"
"Gpal_D383_g00012",121.076099534102,-0.858509669184517,0.368264226097818,0.000237249744627006,0.00968147561957616
"Gpal_D383_g00026",200.150940524813,-1.29964684382335,0.79357872472313,0.00088430686128549,0.0209098866763251
"Gpal_D383_g00049",367.727847423897,0.93301238014708,0.216373604263272,6.84163744228187e-08,1.77419107737109e-05
"Gpal_D383_g00065",251.224884817209,0.645865750388656,0.171319259654412,9.17041957864014e-06,0.000877630988008192
"Gpal_D383_g00070",19.34225761776,-1.14925850846174,1.11986619151445,0.00289532584133037,0.0429427120493334
"Gpal_D383_g00074",9.23016144421148,-1.13628935703123,1.36746630788574,0.00112623551154555,0.0241434860728391
"Gpal_D383_g00091",33.8495468496563,-1.39367697829888,0.936449955626005,0.00109878402092723,0.0238089615747547
"Gpal_D383_g00094",10.2102775146054,-2.00117885478986,1.47286529575088,0.000211668592261565,0.00895580954310906
"Gpal_D383_g00107",863.930696906089,0.324232565634311,0.107325610852592,0.00132125298904398,0.0264403048217963
"Gpal_D383_g00108",1261.33369232951,0.387533666037131,0.149893757713627,0.00352261773405877,0.0470404052559775
"Gpal_D383_g00110",322.267384822652,-1.13424459804765,0.340430436043038,3.19440033438951e-06,0.000372170786784888
"Gpal_D383_g00121",3885.54774856388,0.456578048720802,0.111612077437845,1.17391895382093e-05,0.00104857049664072
"Gpal_D383_g00128",29.1866737982888,-1.01456695601499,1.2016278452682,0.00296947317722178,0.0432168958686284
"Gpal_D383_g00130",559.80264870325,0.399642830500862,0.155578546963654,0.00342286861687326,0.0465971978302502
"Gpal_D383_g00131",1094.95321343922,0.51527161380368,0.200579641274468,0.00146337274425325,0.0278535866800296
"Gpal_D383_g00135",8.53385515668837,-1.31821071022771,1.33685657910257,0.00118877434542311,0.0249518458560219
"Gpal_D383_g00141",1468.57137976641,-0.321083271413593,0.115284087648312,0.00280291178426029,0.0424342897055903
"Gpal_D383_g00156",1053.540987477,0.356135061190775,0.131289706424963,0.00293028797829401,0.0429864690830393
"Gpal_D383_g00167",262.280002879088,-0.520022618343195,0.199316825580524,0.00126596227553086,0.0258301287639406
"Gpal_D383_g00216",168.68642199535,0.560330808285227,0.225198167189286,0.00122918589873374,0.0254675913400013
"Gpal_D383_g00229",1071.2029275942,0.639143057077717,0.212147724733223,0.000139061048954241,0.00669408247031823
"Gpal_D383_g00257",117.518177385086,-1.35384451535101,0.591432100308278,0.000140397659387048,0.00671819514174093
"Gpal_D383_g00258",289.510977385416,-1.6052777459838,1.16552905277424,0.000843670968602004,0.0205208238296702
"Gpal_D383_g00269",633.537980865255,0.458172370988263,0.146122030451922,0.000425660101197582,0.0131610828981821
"Gpal_D383_g00298",178.47043848918,-1.01271180912889,0.33706653588889,1.34280048478586e-05,0.00116072829002081
"Gpal_D383_g00305",12.8502739735545,-1.12896930984848,0.950866003521129,0.00288100983703366,0.0429427120493334
"Gpal_D383_g00317",7.58551648990351,-0.930311640873201,1.2169189940921,0.00274016922808053,0.0417992797429589
"Gpal_D383_g00340",67.7025874366815,-3.13564369980219,0.735350076166253,3.2632095398056e-07,6.39827841231639e-05
"Gpal_D383_g00387",47.2406148106519,-2.06431884729151,1.35345233920899,0.000229612974637571,0.00956403473114731
"Gpal_D383_g00399",11.3169769293358,-1.57622248391813,1.42179323215824,0.000580953751122063,0.015672104715672
"Gpal_D383_g00400",61.2041426031914,-0.683541094614818,0.39790602834457,0.00290459421010206,0.0429427120493334
"Gpal_D383_g00478",308.908090437422,0.629453009416557,0.211138428900211,0.00016748257178325,0.00782786275910204
"Gpal_D383_g00492",819.268148145514,0.631607584921295,0.231237762125899,0.000344372571918223,0.0119844636608251
"Gpal_D383_g00514",233.244617108631,0.801929231641244,0.246051279379072,1.47580602167773e-05,0.00123636440975176
"Gpal_D383_g00517",13.3675174163839,1.92980264208223,0.813809565602956,0.000107878086157357,0.00538653375539746
"Gpal_D383_g00520",209.27466001276,-0.567249519249302,0.194274885812745,0.00035211711868494,0.012139708063158
"Gpal_D383_g00525",2011.39050977185,0.396428268711024,0.128283730626255,0.000730271846055477,0.018721865319236
"Gpal_D383_g00532",29.6579499591115,-0.95911406670792,0.744183841471671,0.0033363439998309,0.0459850613419736
"Gpal_D383_g00537",799.799734157102,-0.444116120524454,0.131686243046615,0.000208639714477675,0.00887436330521707
"Gpal_D383_g00543",16.0647737608398,-1.27363609157943,1.15811301972882,0.00204080375996646,0.0346611180700887
"Gpal_D383_g00546",37.6437841388621,-1.1416336844451,0.962848548822369,0.00280912409099028,0.0424483995629152
"Gpal_D383_g00557",14.6269843144428,-1.16007182447427,1.32539067551655,0.00143421378997684,0.0277822762834309
"Gpal_D383_g00563",91.3405300717316,1.47751145027261,0.442070549888926,5.18717746468418e-06,0.000571229036145152
"Gpal_D383_g00580",94.8548713431705,-1.18978485820464,0.533547000324809,0.000172207921438656,0.0079107398882592
"Gpal_D383_g00585",8.18394373728603,-0.801445318943138,1.17061791311609,0.00330524047788232,0.0458117727615448
"Gpal_D383_g00587",73.2951728103718,-1.1328077566051,1.12905154516668,0.0029837536760965,0.0432168958686284
"Gpal_D383_g00588",119.16083832485,-0.6095051158101,0.314929756085574,0.0029089948701914,0.0429427120493334
"Gpal_D383_g00603",14.6364855982963,-1.04218575222607,1.25532900071112,0.00220574465020059,0.0361877168223725
"Gpal_D383_g00619",933.185633838889,0.495953691558973,0.123370868504094,1.20893415564716e-05,0.00106798040409313
"Gpal_D383_g00657",467.393714313188,0.453175598151074,0.155744252990504,0.000899597733687149,0.0210361834358994
"Gpal_D383_g00665",35.7533751633693,-1.15058871391102,1.10515220545563,0.00292179078429276,0.0429427120493334
"Gpal_D383_g00670",442.615667958436,0.426087060186154,0.128501629875346,0.000285464357118576,0.0108247545607369
"Gpal_D383_g00683",1026.4011592993,0.627959807310596,0.122513699422602,2.21812362032563e-08,6.60425769770286e-06
"Gpal_D383_g00698",74.346438644309,-1.30778105593216,0.717946450500819,0.000546046122370016,0.0151891514800435
"Gpal_D383_g00725",2457.0078961715,0.667804046832557,0.146734577120627,2.60108499024772e-07,5.36156980425677e-05
"Gpal_D383_g00744",134.924346673327,0.660214738665479,0.258478479251246,0.000441454811861998,0.0134306424303374
"Gpal_D383_g00754",3055.95294065937,0.405651869805096,0.113368295525942,0.000124535123421203,0.00614195004406782
"Gpal_D383_g00772",9556.20272537364,0.372031781432072,0.11286002351247,0.000415297411570819,0.012976157176336
"Gpal_D383_g00779",5534.0808036197,0.400848232863993,0.106287378548866,6.07199026845403e-05,0.00343808431578253
"Gpal_D383_g00791",32.1239812442303,-0.837681023831412,0.581350417188072,0.00306439019244982,0.0438338661158436
"Gpal_D383_g00803",1094.2650385371,0.62062776077722,0.146817602006059,1.77423355719223e-06,0.000254697563683364
"Gpal_D383_g00833",193.47816102175,-0.620205672513174,0.229938023988292,0.000419101336856173,0.0130083229613389
"Gpal_D383_g00838",133.137095642644,-0.515931108329851,0.22460726390118,0.00283414019403182,0.0425862673267698
"Gpal_D383_g00876",42.5584216047666,-0.88319646760847,0.588970344543661,0.00235122569172672,0.0377275515684453
"Gpal_D383_g00889",29.6055243637441,-0.923579463799247,0.696886367288948,0.00330163236013778,0.0458117727615448
"Gpal_D383_g00895",10.7776875082944,1.12856276792717,0.952754427149924,0.00289422329228734,0.0429427120493334
"Gpal_D383_g00907",88.7354989729094,-1.72572129201242,0.335396477282498,9.26087153380348e-09,3.10200609417692e-06
"Gpal_D383_g00938",642.995162534749,0.383530931798641,0.114800497701773,0.000334346853696939,0.011777061462525
"Gpal_D383_g00940",3680.71390340798,0.833723338625389,0.15534821181777,6.85761186062057e-10,4.59402847896073e-07
"Gpal_D383_g00956",86.8474759763047,-2.14028953535174,0.556870662507045,2.73138205296902e-06,0.000332690610966939
"Gpal_D383_g01036",140.810539831715,-2.47153770847476,1.46159766611321,6.59006785806435e-05,0.00367899691048467
"Gpal_D383_g01055",213.8797829547,0.577641821475058,0.20510352258189,0.000435592270712782,0.0134102979997302
"Gpal_D383_g01060",184.612292552075,0.594192526598934,0.222597948339933,0.000568978005154554,0.0155051328252117
"Gpal_D383_g01137",77.2867222166101,-0.808116730400681,0.309834902593575,0.000129042717656008,0.00629677998471782
"Gpal_D383_g01140",818.365187939712,0.39409564222325,0.139815920446547,0.00173362075521141,0.0309701716692101
"Gpal_D383_g01164",82.1077127326959,-1.01812419959844,0.791134185499498,0.00298900287385961,0.0432168958686284
"Gpal_D383_g01166",64.8471554339528,-0.886346365834121,0.609175883482524,0.00261348941798397,0.0406379911628107
"Gpal_D383_g01173",96.5317881904694,-1.95950337501745,0.660305489841918,2.7027385458392e-05,0.00189622568439519
"Gpal_D383_g01181",19.2063916145248,-1.7840527078323,1.53252790839811,0.000273967119308909,0.0105885657313669
"Gpal_D383_g01212",161.951287419443,-0.496612156246335,0.208261500047107,0.00270661638365802,0.0414447411585273
"Gpal_D383_g01215",177.188979790714,0.628317752058454,0.267242637600502,0.000973606718281376,0.0219854618209662
"Gpal_D383_g01257",133.529967183032,2.02659708988384,0.418157078235642,7.09448683286276e-08,1.78226811404324e-05
"Gpal_D383_g01262",444.156018546805,0.505824395778727,0.163301705122973,0.000338833876183596,0.0118429805679997
"Gpal_D383_g01325",1812.68102004005,0.389606840719597,0.113967226165383,0.000245120119471329,0.00990211377100509
"Gpal_D383_g01326",18.4512932501143,-1.07462738598095,1.1295053176228,0.00341156511233073,0.0465629404720318
"Gpal_D383_g01336",59.7292229140111,-1.0181947327904,1.26313719534308,0.00210163684665309,0.0351026685418388
"Gpal_D383_g01362",21.5077981188773,-1.41665559043373,1.25216864617352,0.00128563001831805,0.0260989386799466
"Gpal_D383_g01373",519.771102464919,0.477854523078661,0.168690942151273,0.000946786475441125,0.0216843774247043
"Gpal_D383_g01446",62.9182020452853,-2.37391366063206,0.689816209832744,7.98729276174119e-06,0.000795598905912041
"Gpal_D383_g01455",35.3406935242497,-1.26762008255655,0.862651926617168,0.00135680686222126,0.0268654442497457
"Gpal_D383_g01492",2474.37675331709,-0.617576786784228,0.15121371559087,3.36592917388328e-06,0.000386552923269253
"Gpal_D383_g01517",2627.52334146314,0.402950648850837,0.140958898336254,0.00145783678368198,0.0278374106983835
"Gpal_D383_g01566",9.54022896098287,-1.66660283872619,1.45758890878966,0.000437056608524607,0.0134102979997302
"Gpal_D383_g01570",127.003068404537,-0.873107381853703,0.286962294429815,2.01555494493174e-05,0.00148651800021159
"Gpal_D383_g01582",30.3908968626985,-1.06495209685421,1.28870029956312,0.00180475112382227,0.0318943694450723
"Gpal_D383_g01644",263.937446879711,-0.572056998449229,0.208659786786795,0.000565744886418399,0.0154884994759089
"Gpal_D383_g01658",12.90805191708,-0.763791998806538,1.15465882263871,0.00349182408230977,0.0468627275420505
"Gpal_D383_g01661",102.487159763776,-0.775560439862315,0.374821636267759,0.000752683428065343,0.0190165854861904
"Gpal_D383_g01671",30.9157633962023,-1.26822085110914,1.05239008187677,0.00206951611723728,0.0348051047415701
"Gpal_D383_g01677",46.402695680351,-0.793752763536529,0.557571762466068,0.00363137126111518,0.0480698251343635
"Gpal_D383_g01790",1722.02942012258,0.528834616686476,0.110652741872719,3.0074022678167e-07,6.04412670774462e-05
"Gpal_D383_g01828",20.5140633770552,-0.787937453208121,1.20927392758317,0.00238763324578793,0.0380836977438277
"Gpal_D383_g01857",298.854697169142,0.559871119495055,0.215508823487227,0.000929719600537889,0.0214155182484931
"Gpal_D383_g01896",132.879297871317,-1.54001248860942,0.974355081935518,0.000756973175218427,0.0190165854861904
"Gpal_D383_g01908",722.525284810805,0.41103445833982,0.154559135878601,0.00247938363366086,0.0390818922176464
"Gpal_D383_g01918",13.3786456682471,-1.50447555302016,1.47851059882618,0.000508229552403752,0.0145916334706206
"Gpal_D383_g01920",844.306737984561,0.498124112732729,0.111829037484788,1.7712453710313e-06,0.000254697563683364
"Gpal_D383_g01926",1075.67580096733,0.43891235679726,0.104382910217581,8.01635917139884e-06,0.000795598905912041
"Gpal_D383_g01951",487.302563120741,0.428814122568862,0.142831479350854,0.000795451229696661,0.0198591069426443
"Gpal_D383_g01972",48.5389571867025,-0.957523585900742,0.528173813805648,0.000838672850358497,0.0205208238296702
"Gpal_D383_g01991",68.8751169534518,-1.26696679165744,0.98494515057157,0.00189933071004553,0.032971142105811
"Gpal_D383_g02006",1772.47024786329,-0.634232568326618,0.175118656823584,1.803244551405e-05,0.00136757386308914
"Gpal_D383_g02014",50.5077273941091,-0.689175443369084,0.395775297874728,0.00267392742811399,0.0410223331958175
"Gpal_D383_g02074",80.7303535677543,-1.55896874825479,0.718959598329466,0.000197037017399966,0.00860859012433874
"Gpal_D383_g02103",1285.85362847398,0.335551766531422,0.117094541068211,0.00205130769590741,0.0347167632997888
"Gpal_D383_g02104",56.8431560735641,-0.914473051539141,0.606873115422441,0.00214516499659444,0.0357038952538772
"Gpal_D383_g02105",32.0441656180381,-1.05927147789646,1.36380984033264,0.00113490608093933,0.0242231718720082
"Gpal_D383_g02115",6.00185577672283,-1.14118387922104,1.29440943820932,0.00171400912260666,0.030703824847898
"Gpal_D383_g02152",10.0653937157523,-0.765481868735496,1.1494401742631,0.00365901399816888,0.0480927386246755
"Gpal_D383_g02153",9.62443949471253,-0.991607380643529,1.19509266435291,0.00311395159865744,0.0442280157272212
"Gpal_D383_g02160",56.8584384160489,0.746316124593722,0.366460750551062,0.000957343968032614,0.0218638868153812
"Gpal_D383_g02190",113.623498887533,-0.922862159299982,0.421170260437996,0.000290990953854022,0.0109825177372417
"Gpal_D383_g02195",868.72053407604,0.32996246234573,0.122636898249851,0.00356021439962074,0.0474636211584596
"Gpal_D383_g02217",2879.38064122025,-1.23738301346564,0.223481653881877,8.13062097593602e-11,7.26245133617219e-08
"Gpal_D383_g02251",137.603782899642,-1.34777918912776,1.28704146382951,0.00136140541608572,0.0268821621539516
"Gpal_D383_g02314",10.6237401053653,-1.09151391809823,1.3184143651751,0.00150706663443865,0.028331372055317
"Gpal_D383_g02336",10.2582090518829,-1.21605115967793,1.32821817489838,0.0013704472894675,0.0269364933008049
"Gpal_D383_g02338",866.40397507122,0.414098868858463,0.155467005480879,0.00240268410006101,0.0382002380898374
"Gpal_D383_g02355",24.2319635741144,-0.958073841792052,1.3195853040658,0.00140182130862758,0.0272203900967563
"Gpal_D383_g02357",622.481970543997,-0.519353069704827,0.161271409486967,0.000203751609186266,0.00880623218413115
"Gpal_D383_g02383",107.734671940863,-1.30465497237089,1.09480067991222,0.00190481270630134,0.032971142105811
"Gpal_D383_g02394",361.875553940796,0.536061734181957,0.165819330975704,0.000170668880426898,0.0079107398882592
"Gpal_D383_g02397",447.11741437301,0.42140529581316,0.126424053135053,0.000276398245682391,0.0106127869581412
"Gpal_D383_g02398",15.4651135211363,-1.04777899374068,1.10001919644273,0.00381295459736374,0.049374528413349
"Gpal_D383_g02422",901.90160199634,0.408523216700109,0.117348707646868,0.000175521924931517,0.00801471688251598
"Gpal_D383_g02428",14.211883816663,-0.961852374401253,1.15933545460813,0.00376420366809766,0.0489651024075033
"Gpal_D383_g02430",102.12425308895,-1.21510359830743,0.883833729645938,0.0017837479824441,0.0316546358297309
"Gpal_D383_g02475",11.6838486540613,-0.946590952174169,1.2601298308062,0.0020569019199183,0.0347383078450068
"Gpal_D383_g02478",142.658261768657,-0.687200776864986,0.297369395906463,0.000683725279744474,0.0177879207892098
"Gpal_D383_g02490",61.8445257625181,-0.856434455944405,0.392155477342912,0.000375225165106275,0.0123119800093443
"Gpal_D383_g02495",141.53794492324,-0.545988326865953,0.250428708444018,0.00286036330516005,0.0429001130786971
"Gpal_D383_g02516",212.506299914011,0.489585045483912,0.177623040370169,0.00107933449669498,0.0234507297808945
"Gpal_D383_g02533",184.651959078112,-0.637781492508269,0.24106010399697,0.000415006364574441,0.012976157176336
"Gpal_D383_g02555",41.5782317615576,-1.40483360808409,0.665379460843863,0.000235529339542013,0.00968147561957616
"Gpal_D383_g02558",7.93287244769018,-0.958349719326326,1.17801826996238,0.00345772231786123,0.0466799271709676
"Gpal_D383_g02563",865.129565115691,-0.700258624947501,0.166146916721756,8.5488573533648e-07,0.000134753459340587
"Gpal_D383_g02565",18.3168404711974,-0.883663478492755,1.17592714329855,0.00350774365338642,0.0469918015391498
"Gpal_D383_g02569",19.999550474558,-1.43562580837166,1.38073389372591,0.00084649994710518,0.0205208238296702
"Gpal_D383_g02574",58.2286475450418,-1.04036260400959,0.796136652088015,0.00274881792474805,0.0418517941231999
"Gpal_D383_g02575",207.081641870637,-0.746917435038614,0.298065148615166,0.000261317506168829,0.010247470400445
"Gpal_D383_g02579",51.4813675506589,-0.998662064833442,0.711573691052433,0.00236382247261433,0.0378541212297741
"Gpal_D383_g02593",19.7396902683088,-1.30745508434337,0.967399045143157,0.00159886830988647,0.0294125911743188
"Gpal_D383_g02602",815.748234889187,-0.844669199600073,0.165240257984247,2.47162158257772e-09,1.16878622954955e-06
"Gpal_D383_g02621",17.0023207532745,-20.3362788777191,1.96947732041198,2.68474639244755e-25,2.15826762488859e-21
"Gpal_D383_g02775",901.408190146566,0.494755936177735,0.133168504886273,4.14487417930231e-05,0.0026236727186938
"Gpal_D383_g02823",217.278240853019,0.496558024217931,0.200841170476989,0.00218271301380262,0.0360784289301852
"Gpal_D383_g02844",540.229214072366,0.489387125677821,0.155293128235072,0.000322708555781806,0.0116334263673988
"Gpal_D383_g02865",18.4847563141208,-0.987484286900128,1.36212571613272,0.00111933584448266,0.0240597349031981
"Gpal_D383_g02884",135.818606164181,0.665390806901933,0.292819115510678,0.000886524549778177,0.0209098866763251
"Gpal_D383_g03151",23.5559042834636,-1.52358354199599,1.0332718212216,0.0009170524076284,0.0213068910546957
"Gpal_D383_g03182",46.981251098491,-1.89508066206836,0.623097310001972,2.19727860687461e-05,0.00157713595720223
"Gpal_D383_g03187",180.712030774586,0.563872522418668,0.19362285784925,0.000370980227881298,0.0122728808721718
"Gpal_D383_g03214",16.6599184670607,-1.31440169418798,1.12882315138939,0.00186026281590142,0.0325101147326773
"Gpal_D383_g03232",321.09488728384,-0.386593705516081,0.146721418670001,0.00308751616500687,0.0439301636291862
"Gpal_D383_g03272",92.099656774637,-0.934414254730725,0.452117928137704,0.000414413359363203,0.012976157176336
"Gpal_D383_g03290",915.073866815866,0.600207615147494,0.15253056453284,7.31047210599033e-06,0.000743909940000713
"Gpal_D383_g03310",13.4782056315956,-1.09466379350887,1.35122983653202,0.00123372938451349,0.0254882663733694
"Gpal_D383_g03325",618.570162336225,0.370217015936362,0.132614262066893,0.00215234415400742,0.0357493691199703
"Gpal_D383_g03333",1454.96397510511,0.449629215247969,0.116117395296426,3.03679326960597e-05,0.0020343984245302
"Gpal_D383_g03342",42.2328124045389,1.11747444771289,0.626182210037762,0.000711137733263083,0.0183821100890737
"Gpal_D383_g03370",936.030209091255,0.583705520599061,0.110947553029616,1.60827468912479e-08,5.17156809034966e-06
"Gpal_D383_g03386",8.78352102922742,-0.865425449205752,1.16840987380685,0.00364754239730834,0.0480698251343635
"Gpal_D383_g03387",12.2871128575903,-2.33345416571151,1.56275072042944,7.98276842312081e-05,0.00419434479434432
"Gpal_D383_g03398",233.617024508667,0.482718276918111,0.187970644698094,0.00190590357653256,0.032971142105811
"Gpal_D383_g03407",395.138275790312,0.383032614723031,0.148783690029883,0.0037288894739319,0.0485843476190252
"Gpal_D383_g03442",16.872406400834,-1.84704259059802,1.33054092901784,0.00041245151173564,0.012976157176336
"Gpal_D383_g03452",921.145358567264,0.366961862532486,0.122454247066764,0.00116211067782428,0.0246496246412386
"Gpal_D383_g03465",498.076295850827,-0.391434566422435,0.136060170613572,0.0014764303635859,0.0279929804077053
"Gpal_D383_g03470",25.1902391122835,-1.52864219974834,1.16566860615579,0.00103925643255473,0.0227863345388294
"Gpal_D383_g03488",447.546837153369,-0.392201816137409,0.150792492186752,0.00328113153126023,0.0456562196693291
"Gpal_D383_g03526",497.09320276035,0.520581572774418,0.189103181109035,0.00085003536948379,0.0205208238296702
"Gpal_D383_g03545",54.9907476220667,-0.688630287411785,0.429418834047402,0.00363671377711752,0.0480698251343635
"Gpal_D383_g03578",603.072449862447,-2.51777141289944,1.6454529892743,4.60209161128918e-05,0.00288570597287214
"Gpal_D383_g03621",7.97439063748406,-0.955784640116418,1.17784785199958,0.00346542481631482,0.0466799271709676
"Gpal_D383_g03638",13.0284694509865,-1.10827517802376,1.02099255837524,0.00333201985204738,0.0459850613419736
"Gpal_D383_g03644",649.289303260477,-0.4654491931131,0.177980401681484,0.00191846213957872,0.033095530343505
"Gpal_D383_g03651",3103.13776243931,0.476952514726863,0.0905013349287307,3.4323017675853e-08,9.51457721021318e-06
"Gpal_D383_g03673",197.63112596728,-0.734287452834681,0.24721999524996,6.88408022152866e-05,0.00375292496917621
"Gpal_D383_g03775",79.0223973091566,-1.41832317100782,1.03051707290573,0.00126319145550862,0.0258301287639406
"Gpal_D383_g03782",16.6689298981272,1.08318484967385,0.85049942069432,0.0027256798652689,0.0416573012108302
"Gpal_D383_g03798",479.764687044258,0.599312885153587,0.170301394555139,3.63848075809825e-05,0.0023588505495445
"Gpal_D383_g03811",59.565222056833,-1.83309508733238,1.50917979832597,0.000270789774710922,0.0105163236661889
"Gpal_D383_g03812",4282.77942079574,-0.355827580663163,0.130938531727347,0.00289313697605874,0.0429427120493334
"Gpal_D383_g03815",457.478707811687,0.597882884274138,0.159282369843408,1.53136956681417e-05,0.00124350302501203
"Gpal_D383_g03850",1043.58164073109,0.435750634833907,0.15835441402267,0.00161979743447591,0.029594435399436
"Gpal_D383_g03851",241.697668674694,0.476688383892192,0.202107516439738,0.0033793323297506,0.0462801577493443
"Gpal_D383_g03923",787.233088625735,0.459810223745899,0.140243506276296,0.000260472333017121,0.010247470400445
"Gpal_D383_g03958",7.70415596429711,-1.01295148465211,1.20104310535615,0.00298135757405202,0.0432168958686284
"Gpal_D383_g03961",1076.83958721811,0.406312275094216,0.137193385591562,0.0010402518691069,0.0227863345388294
"Gpal_D383_g03965",269.94170535375,-0.684936456622356,0.272994685754482,0.000409390718918768,0.012976157176336
"Gpal_D383_g03976",309.646665152081,-0.537450532197184,0.212040797674342,0.00132789866728046,0.0264887776334185
"Gpal_D383_g03981",11.39629804995,-0.98624253948231,1.29192158510529,0.00170994775001061,0.030703824847898
"Gpal_D383_g03992",7126.58847551937,0.475620386809721,0.0948121145788032,1.3254072912807e-07,3.2287724892744e-05
"Gpal_D383_g04110",53.8102351763774,0.909143587206344,0.433720645523715,0.000406921189736366,0.012976157176336
"Gpal_D383_g04132",769.343040985504,0.644388759063982,0.145662837142683,5.89694500235931e-07,0.000103055523639058
"Gpal_D383_g04253",104.615103297867,0.87718137194426,0.322084863119679,6.07299381566263e-05,0.00343808431578253
"Gpal_D383_g04264",92.1133297525212,0.661476991595813,0.25405540619704,0.000381257512254653,0.0123804760918144
"Gpal_D383_g04306",783.14430277101,0.389895723082413,0.136759725306396,0.00161217426358429,0.029522252630875
"Gpal_D383_g04326",506.892608891255,-0.553516408483692,0.244764323087751,0.0022421617284882,0.0366356466164973
"Gpal_D383_g04552",2718.12380189608,0.374423911354965,0.11165258261904,0.000335482905201919,0.011777061462525
"Gpal_D383_g04604",19.6058927270568,-1.44094997455765,1.08403280217249,0.0012692489775543,0.0258316266596431
"Gpal_D383_g04620",17.0128847620371,-1.24871713908409,1.34597295747727,0.00122195714140183,0.0254484118580068
"Gpal_D383_g04745",8.71217682081011,-1.44191365149307,1.36295842663193,0.000899310669071193,0.0210361834358994
"Gpal_D383_g04772",1235.80652671819,-0.55624984550556,0.144474907930774,1.50882875438488e-05,0.00123770146494898
"Gpal_D383_g04798",119.986664542525,-0.6598604037396,0.263908294384727,0.000512271682047001,0.0146055275570881
"Gpal_D383_g04806",8.34203371146484,-0.84175747067082,1.17618327621343,0.00337026747609461,0.0462347785671067
"Gpal_D383_g04811",172.419232584486,-0.952337152195786,0.769979833702834,0.00378686995348862,0.0491803676188934
"Gpal_D383_g04835",106.099339089521,-0.870892218874105,0.474086160975582,0.00097818188154086,0.0220269023689271
"Gpal_D383_g04840",34.4633769309206,-1.26052429556933,0.755488097503406,0.000849943174039653,0.0205208238296702
"Gpal_D383_g04888",21.8158773087286,-1.57898084226258,1.08668930212326,0.000849278302850797,0.0205208238296702
"Gpal_D383_g04929",270.874440656382,-0.639221128166861,0.245294107223789,0.000457353811655614,0.0135670379774889
"Gpal_D383_g04945",229.503438187686,0.792873352613393,0.275909400865397,6.03137707955504e-05,0.00343808431578253
"Gpal_D383_g04963",30.0907620094262,-1.68106323568887,0.889494627792425,0.000354985725783563,0.012139708063158
"Gpal_D383_g04993",46.688489004692,-1.07895989702831,0.939911372457715,0.00338738061223943,0.0463114842547496
"Gpal_D383_g04999",31.1976385647213,-1.35964293243156,1.12816895698117,0.00164281484346573,0.0298746714040792
"Gpal_D383_g05016",12.026238869142,-0.966849027246529,1.30418660215848,0.00155381758932341,0.0288478974609028
"Gpal_D383_g05025",56.2433953238175,-0.721914289032528,0.431181182842209,0.00264585152374686,0.0409271352776261
"Gpal_D383_g05030",1151.55379573886,0.513062370915051,0.122750966924029,5.41274921685311e-06,0.000588014742625435
"Gpal_D383_g05063",1961.77303945108,0.450209291369613,0.124377554388898,8.11949755695715e-05,0.00421113812002442
"Gpal_D383_g05066",41.8987319847488,0.952281812245764,0.496698519192867,0.000623753272046258,0.0165490183299666
"Gpal_D383_g05118",2352.65414739912,-0.43296636203255,0.133698171704578,0.000356935272514982,0.012139708063158
"Gpal_D383_g05144",39.6955971457322,-0.923329201524666,0.580170713797844,0.0016812483128645,0.0304404396106255
"Gpal_D383_g05169",16.773170002106,-1.60297146267995,1.55906786678384,0.00032735972327852,0.0116961991797157
"Gpal_D383_g05175",794.630661281348,0.400913442766011,0.120025580773962,0.000304342179657944,0.0111717204669873
"Gpal_D383_g05216",50.0300198996782,-2.02798893062839,1.01686861556548,0.000196126163627458,0.00860859012433874
"Gpal_D383_g05226",206.623105798821,0.509558329385137,0.210542252427981,0.00223291833689687,0.0365589216096006
"Gpal_D383_g05237",464.795228147091,-0.515218485303521,0.15317820573485,0.000129241037128802,0.00629677998471782
"Gpal_D383_g05242",9.14896984966603,-1.51435579677016,1.43205779983362,0.000612611219373799,0.0163072238163774
"Gpal_D383_g05264",167.140933635867,-1.55498442752319,0.937191558444179,0.000642833525799165,0.0169434056193426
"Gpal_D383_g05278",451.050803887532,0.47776593762468,0.15750446647868,0.000514163987891022,0.0146055275570881
"Gpal_D383_g05286",111.390643593528,-1.18802201477688,0.454156318939321,4.74160073188015e-05,0.00293213294489112
"Gpal_D383_g05301",1403.00517605339,0.434224409415017,0.138830035696009,0.00051261389948969,0.0146055275570881
"Gpal_D383_g05308",32.2409339016518,-1.53802225552424,1.11657315923719,0.000988151182677992,0.0220930598075744
"Gpal_D383_g05374",5310.70075049833,-0.452748101600169,0.123775579107524,6.90922870304862e-05,0.00375292496917621
"Gpal_D383_g05378",30.9666804852488,-1.14115378209271,1.06743489441226,0.00304428700494754,0.0437018272013809
"Gpal_D383_g05379",3113.26366263154,0.425430409167625,0.124758615373359,0.000205455272467126,0.00881883009706248
"Gpal_D383_g05405",497.556487815845,0.623881926721472,0.186920124141869,5.5086567425054e-05,0.00332963094383466
"Gpal_D383_g05415",108.617406102672,-2.01500171614759,1.38646364137594,0.000247804318628269,0.00991093988782415
"Gpal_D383_g05434",684.16262746104,0.520595756479809,0.149412122973632,8.0720656630537e-05,0.00421113812002442
"Gpal_D383_g05449",28.2263263826449,-2.27357866852413,0.804436010893203,3.35344235549856e-05,0.00222796058643412
"Gpal_D383_g05457",178.725727779391,0.883070415102297,0.280769791676499,1.30606490160519e-05,0.00114124518956567
"Gpal_D383_g05463",19.8319929257355,-1.04847807727176,0.757655572877167,0.00227445710987658,0.0369972988235473
"Gpal_D383_g05473",26.5577293915701,-2.10715296861243,1.09476716499159,0.000187807254982546,0.00831646969703602
"Gpal_D383_g05485",179.466539906178,0.546658608915431,0.203226760913237,0.000813249958779487,0.0202069156672281
"Gpal_D383_g05524",396.152532304142,-0.756532799651569,0.225907217440242,1.55097778954827e-05,0.00124683104501786
"Gpal_D383_g05689",9.95553560619371,-1.28027820740132,1.32282402208651,0.00132217969130018,0.0264403048217963
"Gpal_D383_g05751",671.069851429882,0.494424362785791,0.125848396376591,1.78093294258347e-05,0.00136351618337414
"Gpal_D383_g05790",425.416758950491,-1.18463835502139,0.406278485655175,1.61485626910889e-05,0.00128532965815509
"Gpal_D383_g05792",654.279202363593,0.658971662617149,0.260104815693578,0.000471897770550849,0.0137622162418114
"Gpal_D383_g05801",39.5306353395707,-1.92449908462657,1.07745564368314,0.00030742311587364,0.0112335201295827
"Gpal_D383_g05802",1310.18572341189,0.748863247850584,0.145096241856823,5.2703679218127e-09,1.92584035106601e-06
"Gpal_D383_g05803",79.8603323233068,-0.746684854303537,0.48124721601405,0.0031676469622092,0.0447534515451665
"Gpal_D383_g05807",28.5143217036064,-2.31115214280514,1.84730289818264,5.59224205034469e-05,0.00335492789871052
"Gpal_D383_g05808",26897.9164418897,0.524895262367281,0.106682383827158,1.53332457729872e-07,3.52182750768698e-05
"Gpal_D383_g05829",30.2950076133856,-1.29367208439166,1.22810092690591,0.00175687027709095,0.0312466375166684
"Gpal_D383_g05831",7.88169346474413,-0.897680674226659,1.17903252610014,0.00345982933213082,0.0466799271709676
"Gpal_D383_g05834",29.416411834045,-1.39791184340968,1.22894687470332,0.00139300140880002,0.0272203900967563
"Gpal_D383_g05848",5.82568149153437,-1.70041349817718,1.48709023576409,0.000370519784254346,0.0122728808721718
"Gpal_D383_g05849",45.7976161692113,-1.12787004297838,0.618148402886657,0.00062608092635647,0.016556133444012
"Gpal_D383_g05864",212.293481236526,0.424800721895923,0.172750941561373,0.00387591919097045,0.0498536230019383
"Gpal_D383_g05878",43.8886233570096,-1.28637862357108,1.06656127116371,0.00198018029886141,0.0340142509028779
"Gpal_D383_g05906",29.6229887647065,-1.22981182150652,1.40762906382384,0.000886959989628917,0.0209098866763251
"Gpal_D383_g05921",190.187929097305,-0.590805111574619,0.232274730222361,0.000820003193248738,0.0202830943708511
"Gpal_D383_g05952",1333.11312768599,-0.420568008587835,0.142244575598508,0.000967382220386933,0.0219683211008208
"Gpal_D383_g05979",504.808269820042,0.370100920745693,0.12997429891365,0.00182034664187575,0.0320213712342214
"Gpal_D383_g05981",113.910313596399,0.546367188634857,0.235391958081851,0.0020761254974298,0.0348175785095014
"Gpal_D383_g06074",486.983398880981,0.40658869366687,0.139385285946755,0.00119297005444537,0.0249747038220998
"Gpal_D383_g06076",24.6851101545779,-0.990065194381177,1.15842645097811,0.00366124593087466,0.0480927386246755
"Gpal_D383_g06077",792.177018348122,-0.93222108354078,0.278028033790318,4.54393537257574e-06,0.000507343006390783
"Gpal_D383_g06081",10.6704674688183,-1.24941509198435,1.37728770227426,0.00103644064562592,0.0227863345388294
"Gpal_D383_g06093",167.655046347873,0.50791068908089,0.185860302445567,0.000997516413727027,0.0221520288672695
"Gpal_D383_g06106",671.360368384053,-0.500166773815558,0.126198113530656,1.48258166566209e-05,0.00123636440975176
"Gpal_D383_g06171",915.327291252555,0.48115525059856,0.144033502456351,0.000180965627236973,0.00817293638965183
"Gpal_D383_g06174",559.040685715828,0.528622984556256,0.204634479943424,0.00126115559465273,0.0258301287639406
"Gpal_D383_g06182",51.2509770991916,-0.874898884265669,0.645292080896187,0.00342566785889761,0.0465971978302502
"Gpal_D383_g06236",747.753005459758,0.47418055175986,0.118363770304493,1.49181922808708e-05,0.00123636440975176
"Gpal_D383_g06238",8.0806945151969,-1.61457873179191,1.41137000706501,0.000564728002814854,0.0154884994759089
"Gpal_D383_g06383",31.9303664090935,-0.967937371672025,0.691085415535223,0.00251949743439293,0.0394629286925805
"Gpal_D383_g06389",244.53615169577,0.479210926085105,0.199525810425026,0.0029854341973796,0.0432168958686284
"Gpal_D383_g06504",264.551638640433,0.649006116099451,0.19109959492741,3.55126255590078e-05,0.00232102436478751
"Gpal_D383_g06521",598.208707919778,0.4963795510244,0.159957725914001,0.000357894117548008,0.012139708063158
"Gpal_D383_g06559",27.1281275479248,-1.06559030044216,0.808924361581345,0.00256930624049731,0.0401061220725396
"Gpal_D383_g06573",625.175877830163,-0.572330847442816,0.242284848437114,0.00151189931729457,0.028331372055317
"Gpal_D383_g06676",3167.59349995154,0.651863873907324,0.12118567835854,4.50902200410272e-09,1.81240139454909e-06
"Gpal_D383_g06685",107.513241764084,-1.27642248570149,0.499546992290108,5.91990520803291e-05,0.00343808431578253
"Gpal_D383_g06739",78.2477551554396,-0.745242737141895,0.389481067145378,0.00132113117554407,0.0264403048217963
"Gpal_D383_g06742",10.1875781621679,-1.43623868859649,1.48119765734068,0.000539800241598656,0.0150675491049014
"Gpal_D383_g06756",1179.64527389716,0.34698085452495,0.127844714517658,0.00305833516989591,0.0438252342794888
"Gpal_D383_g06767",13.1670446445686,2.79499927599636,1.08870455468202,2.18019567118414e-05,0.00157713595720223
"Gpal_D383_g06771",136.535026289916,-1.12048198309203,1.22438015479593,0.002409195262041,0.0382002380898374
"Gpal_D383_g06780",140.857198221885,0.638981443748336,0.204514500703922,9.76284822746152e-05,0.00496731246206096
"Gpal_D383_g06819",232.726428411137,-0.480230050906168,0.209625192626068,0.00384963072548397,0.0496744484785965
"Gpal_D383_g06820",587.743293580719,-0.614381391456534,0.17370249302309,2.96940618755726e-05,0.00200597112115738
"Gpal_D383_g06834",7.07835803180988,-1.10013791362324,1.2505019245926,0.00220072385768211,0.0361877168223725
"Gpal_D383_g06840",14.1148319900803,-1.36597366410907,1.08357165259949,0.00158259833819195,0.0292106315818209
"Gpal_D383_g06854",155.297961046617,0.701649162754069,0.266686276811124,0.000254259012423575,0.0101187534696689
"Gpal_D383_g06856",35.749456281953,-0.832482170857154,1.18803224551078,0.0030379077154804,0.0436882649816581
"Gpal_D383_g06860",234.852529095773,-0.566250994674387,0.199550631867097,0.000452580955013188,0.0134813205662067
"Gpal_D383_g06862",1021.29477482882,-0.397815111700478,0.129273253340468,0.000755683886642022,0.0190165854861904
"Gpal_D383_g06885",49.0099747387018,-2.42939151138426,1.1499012013484,7.94229063523183e-05,0.00419434479434432
"Gpal_D383_g06896",57.2682104272734,33.3762363081115,3.76880043525174,1.15308945409939e-19,1.5449476869175e-16
"Gpal_D383_g06920",985.659561228517,0.345637553015244,0.119868642513739,0.00184930809248805,0.0323890800773669
"Gpal_D383_g06924",589.502464197608,0.396483018508778,0.146449886851551,0.00236931756183194,0.037866687633334
"Gpal_D383_g06933",649.38040869238,0.577785835288165,0.143917063719712,6.43929844896541e-06,0.000672279483522505
"Gpal_D383_g06955",937.800681568023,0.333522624712106,0.102419975919494,0.000574970374091237,0.0155630599418956
"Gpal_D383_g06962",3083.46832666495,0.503701664044405,0.139881945598115,5.98979383483037e-05,0.00343808431578253
"Gpal_D383_g06976",79.920977089514,-0.809004027085123,0.410896613862623,0.000847882472366209,0.0205208238296702
"Gpal_D383_g07016",535.232697475816,-1.20109081745607,0.349143064117641,2.13060135636045e-06,0.000285465071729695
"Gpal_D383_g07030",251.160312371871,-0.772944675326835,0.245080985689942,2.70235762479346e-05,0.00189622568439519
"Gpal_D383_g07037",512.958898863863,-1.52083767598671,0.810280535467602,0.000413852684034509,0.012976157176336
"Gpal_D383_g07056",3427.75286088879,0.557983658315453,0.11018996389778,5.66568506195653e-08,1.51821474043562e-05
"Gpal_D383_g07058",24.313949711965,-1.28530447410389,1.29134063596679,0.00148906166134844,0.0281660392837178
"Gpal_D383_g07081",27.4113541765673,-1.39083522124198,1.02519344188227,0.00136433911665782,0.0268821621539516
"Gpal_D383_g07106",48.6347580390594,-1.15306423688764,0.575886655655677,0.000359559632625312,0.0121449575070373
"Gpal_D383_g07126",38.4924639939473,-1.56081373116336,0.750187639069923,0.00024637556798764,0.00990306595526321
"Gpal_D383_g07170",397.547169642767,0.469216672683996,0.19112424493092,0.00282937264005462,0.0425862673267698
"Gpal_D383_g07184",11.5727267895111,-1.7524414169582,1.46361062531278,0.000366504465530565,0.0122408823265276
"Gpal_D383_g07221",35.9804863594459,-1.39112425495148,1.25580695544227,0.00135000072134945,0.0267966809850081
"Gpal_D383_g07241",10.7043720761419,-0.768654924309144,1.15091338152647,0.00363881380956573,0.0480698251343635
"Gpal_D383_g07347",122.874141715689,0.676265831517966,0.307729507266337,0.000987132290656911,0.0220930598075744
"Gpal_D383_g07361",15.5941771685571,-1.17616995236086,1.28933761041359,0.0017148920707434,0.030703824847898
"Gpal_D383_g07368",968.797767025574,0.396222050381348,0.139907127220995,0.00164467619509195,0.0298746714040792
"Gpal_D383_g07422",226.062713327014,0.655379706865853,0.262644532398319,0.000538551974355088,0.0150675491049014
"Gpal_D383_g07436",101.814923994277,1.39414851628244,0.434232327882973,7.00506678844742e-06,0.000721970921952933
"Gpal_D383_g07444",2122.26975683663,0.291934509426485,0.103217747893074,0.00277946296017553,0.0422383794647469
"Gpal_D383_g07474",209.270782751187,0.696533445507433,0.228062412588742,7.25404476276427e-05,0.00391377623140013
"Gpal_D383_g07488",19.2152001169203,-1.51509876996924,1.32026052783727,0.000900167570835849,0.0210361834358994
"Gpal_D383_g07499",115.611828477179,0.677964467857984,0.326404106550227,0.00131057686088771,0.0264053317911686
"Gpal_D383_g07517",912.132009586907,0.414422431542144,0.112365622850503,7.78587194939812e-05,0.00414507447690142
"Gpal_D383_g07525",212.022870043421,0.490352542699331,0.18416398795843,0.00139320732609511,0.0272203900967563
"Gpal_D383_g07564",479.671365815713,1.05517039069319,0.22723142294744,8.03716947939597e-09,2.80916545412453e-06
"Gpal_D383_g07576",6941.40067073824,0.393037468772888,0.0960924233564229,1.70638424396109e-05,0.00134486499384345
"Gpal_D383_g07595",540.598988258744,-0.493901822971985,0.179242354323978,0.00104597689789545,0.0228494790276673
"Gpal_D383_g07615",7.39117937521512,-1.22552286444794,1.30443837654881,0.00152449822517185,0.0284296997579012
"Gpal_D383_g07624",7.23338685541652,-1.01781678300592,1.25002721556841,0.00227930457060955,0.0369972988235473
"Gpal_D383_g07666",8.56805003541396,-0.907297984905644,1.20076456055013,0.00301230600379663,0.0434756336885477
"Gpal_D383_g07668",4668.48950132627,-1.2326049317382,0.143610154473869,2.14255207291414e-20,4.3059940285392e-17
"Gpal_D383_g07704",183.154996946423,0.662517811778294,0.208901325318788,6.73350435291629e-05,0.0037331476891789
"Gpal_D383_g07706",748.845672641926,0.643572389017654,0.137292838751629,1.73003671270774e-07,3.86326809262708e-05
"Gpal_D383_g07767",546.280922931628,0.620948908402452,0.149054459589357,2.30470170813474e-06,0.000303729459535986
"Gpal_D383_g07772",56.9672653472332,-1.25644183380042,1.06140134943226,0.00215933702204999,0.0357915676706388
"Gpal_D383_g07807",78.8366581095881,-0.775016264195236,0.490927579068952,0.00266643889011551,0.0409856639342994
"Gpal_D383_g07911",335.588190035602,0.465696190480695,0.187065635050799,0.00266404995733837,0.0409856639342994
"Gpal_D383_g07966",6.76423197277356,-0.912328402067532,1.25187691826078,0.00210467548664838,0.0351026685418388
"Gpal_D383_g07968",64.2516417436624,-1.46477638829282,0.553971186824888,4.98753148183344e-05,0.00304164497176842
"Gpal_D383_g08123",186.682448868385,-0.56575318911635,0.239115973650993,0.00158425617236894,0.0292106315818209
"Gpal_D383_g08125",994.129078164068,0.388729241839105,0.113326900622259,0.000236204919433567,0.00968147561957616
"Gpal_D383_g08129",23.9443703804744,-1.65667443996808,0.927376300723077,0.000447534081382519,0.0134746310121126
"Gpal_D383_g08148",375.024974002157,-0.753960851750425,0.308379623598521,0.000297591020994241,0.0110756213785773
"Gpal_D383_g08171",848.682827420585,0.39478384135951,0.153252628678881,0.00345839202980896,0.0466799271709676
"Gpal_D383_g08174",36.6470014378144,-1.43909416070889,0.591789324069349,9.33910899623986e-05,0.00478198071469887
"Gpal_D383_g08247",1210.30917414501,0.409075177603097,0.116797446894178,0.000161884241910581,0.00761045275274363
"Gpal_D383_g08248",1700.54374099955,0.380105363897399,0.114697883486724,0.000374319122315031,0.0123119800093443
"Gpal_D383_g08271",67.6720768507215,-1.70620985956771,0.453108276409488,2.02544119821286e-06,0.000275974945634461
"Gpal_D383_g08310",33.5112634793364,-1.54861773944554,1.03294889813467,0.000848963753443968,0.0205208238296702
"Gpal_D383_g08316",145.288380835578,0.718836134816235,0.326706116949752,0.000734715831816421,0.018721865319236
"Gpal_D383_g08323",135.824686861313,-0.569713634769199,0.208440208966152,0.000591090585261775,0.0158922314880248
"Gpal_D383_g08327",31.8707333325472,-0.87385483224823,0.640384414869697,0.0033630672937319,0.0462148683321551
"Gpal_D383_g08338",30.483427192614,-1.13084198618165,0.716220803314107,0.00123652492668417,0.0254882663733694
"Gpal_D383_g08410",1677.78257891083,0.698974208381478,0.12899273767427,2.23495166390208e-09,1.1229235266318e-06
"Gpal_D383_g08424",478.221161361187,-0.552827085371881,0.219797553576829,0.00122422398263812,0.0254484118580068
"Gpal_D383_g08470",1767.1901928757,-0.520297164667453,0.227323521491785,0.00278477256882688,0.0422392201524515
"Gpal_D383_g08499",480.145547373208,-0.910000186739689,0.258664297128949,2.61835964338121e-06,0.00033238661352948
"Gpal_D383_g08522",465.418090409665,0.462417670630952,0.142919865274027,0.000296311078560545,0.0110756213785773
"Gpal_D383_g08534",1328.50783908001,0.412292125286739,0.131344782728449,0.000566440956078767,0.0154884994759089
"Gpal_D383_g08535",1325.25661691589,0.657648400157475,0.119340423095645,2.04586326579878e-09,1.09644631958376e-06
"Gpal_D383_g08551",159.968958541402,-0.62491330478095,0.28464760190231,0.00145613098541441,0.0278374106983835
"Gpal_D383_g08575",98.0405822081231,0.570637397672094,0.274915779321407,0.00292196336496895,0.0429427120493334
"Gpal_D383_g08584",51.1518466159563,-1.03684097361238,0.63604923504278,0.00122509458751693,0.0254484118580068
"Gpal_D383_g08611",157.62725371188,-1.10153575014185,0.326158308725227,2.6788718534006e-06,0.00033238661352948
"Gpal_D383_g08666",63.0557802242158,-1.21511412948893,1.07002778911132,0.00245296744618284,0.0387414642433474
"Gpal_D383_g08746",1041.85911814668,0.507078047580676,0.197581995502911,0.00157542240242705,0.0291816145002559
"Gpal_D383_g08768",65.0060692761118,-0.855096201793624,0.387894841590382,0.000354658914581506,0.012139708063158
"Gpal_D383_g08797",4466.5606187843,0.791778044509729,0.112688952713375,2.88723292737629e-14,3.31578078616829e-11
"Gpal_D383_g08840",48.836520183205,-1.11137093537286,0.565090494367226,0.000416450870940998,0.012976157176336
"Gpal_D383_g08864",93.5375001016209,1.43093317237899,0.370029496311972,6.54354248620358e-07,0.00010959070426373
"Gpal_D383_g08902",31.3686732778521,-2.57991309821683,0.611186116444145,7.90858057573627e-07,0.000127154158496688
"Gpal_D383_g08906",1549.7883655169,0.318961006789977,0.114802460785117,0.00288825683559845,0.0429427120493334
"Gpal_D383_g08912",988.149353039767,-0.509768179640035,0.143573507079338,6.89517037599376e-05,0.00375292496917621
"Gpal_D383_g08957",26.0125469523779,1.22736262919968,1.04683304580988,0.00233583848762593,0.0375556112040496
"Gpal_D383_g08968",467.813921287607,-0.478703765928233,0.162043028593531,0.000653294972250028,0.0171628702023463
"Gpal_D383_g08970",331.478907384478,0.456046107801116,0.174023523470435,0.00202663475463327,0.034517196594273
"Gpal_D383_g08974",59.0707431402461,-1.29271750182194,0.643785051066266,0.000326404277586179,0.0116961991797157
"Gpal_D383_g08983",449.593054466389,-0.375267387330241,0.143392679412896,0.00346658993917995,0.0466799271709676
"Gpal_D383_g08984",668.781594595979,-0.466764901697227,0.142991246027939,0.000260708264735713,0.010247470400445
"Gpal_D383_g08986",50.7284593346647,-1.74002425900081,0.838124118576635,0.000228246946543767,0.00955665210034034
"Gpal_D383_g08991",29.7981266520899,-1.48633652121383,1.14264594266281,0.00116058620933537,0.0246496246412386
"Gpal_D383_g09000",8.62867926964993,-2.28479205270726,1.46482518805581,0.000107711955526403,0.00538653375539746
"Gpal_D383_g09003",164.315811914498,-0.536109384487255,0.21566276303909,0.00152014266936063,0.0284195974860235
"Gpal_D383_g09010",201.945859384659,0.616008625493865,0.218163294487896,0.000303326864249755,0.0111717204669873
"Gpal_D383_g09024",362.192278860506,-0.413139350144106,0.151539612083138,0.00202287966447829,0.034517196594273
"Gpal_D383_g09041",616.683843220348,-1.41736100089784,1.1634469533283,0.00140114854359559,0.0272203900967563
"Gpal_D383_g09057",15.7464242636938,-0.848580660690297,1.183294059877,0.00322360836242357,0.0453024505539301
"Gpal_D383_g09098",74.9701250681766,-0.871458607892362,0.519091667108215,0.00151070819140953,0.028331372055317
"Gpal_D383_g09112",11.5061194684069,-1.10026089669923,1.34912345673887,0.00125083385525892,0.0257172720266661
"Gpal_D383_g09120",25.5801805009531,-1.06339986377603,0.927136118027006,0.00351313256935303,0.0469918015391498
"Gpal_D383_g09150",42.1576835614245,-1.21858899266885,0.780681071623032,0.00116563079553684,0.0246592262245281
"Gpal_D383_g09168",61.1985456375789,-1.70873663127679,0.918383377776481,0.000366615558679875,0.0122408823265276
"Gpal_D383_g09186",555.026754894322,0.490987002757812,0.162107465911721,0.000472493056691124,0.0137622162418114
"Gpal_D383_g09210",240.554921857848,-1.72675616588641,0.95973433692855,0.000403203585610439,0.012976157176336
"Gpal_D383_g09234",58.9224609825276,1.00973596846117,0.508448898069078,0.000451106372588799,0.0134813205662067
"Gpal_D383_g09239",1451.07023772217,0.355747036305517,0.100075979025833,0.000176465342481071,0.00801471688251598
"Gpal_D383_g09258",27.4929414533027,-1.16283165265225,0.837626953259173,0.00187972944286421,0.0327790563800117
"Gpal_D383_g09259",55.1879688785614,-0.842134534688594,0.551013805864054,0.00243379988685892,0.0385144041150766
"Gpal_D383_g09262",11.4003212323774,-1.18628860341182,1.28789705940522,0.00171040551633161,0.030703824847898
"Gpal_D383_g09299",922.274739261828,-0.456060143027034,0.150601426557655,0.000610336930163536,0.0163006597394839
"Gpal_D383_g09318",88.6283192307056,0.647251401800071,0.344250122168335,0.00252319260455111,0.0394629286925805
"Gpal_D383_g09323",33.0136982484713,-2.73188183596726,0.962539590793294,1.76444733017886e-05,0.00136351618337414
"Gpal_D383_g09338",2112.5888221745,0.409573282372154,0.100817871476125,1.75514354045236e-05,0.00136351618337414
"Gpal_D383_g09410",28.2652539081198,-1.29232313385558,1.16142912534213,0.00194135222315503,0.0334186949078015
"Gpal_D383_g09440",30.8887742782757,-1.001348075277,0.615370862783328,0.0013083995951325,0.0264053317911686
"Gpal_D383_g09441",234.996279682038,-0.721714742332458,0.181840524206338,1.95394707023837e-06,0.000270823801683556
"Gpal_D383_g09446",8.78025716976336,-0.873299693064051,1.16773377978813,0.00368185522861724,0.0482059188645831
"Gpal_D383_g09458",25.6703329200373,-1.92503864095777,0.975862478929994,0.000233882765008952,0.00968147561957616
"Gpal_D383_g09479",704.357808044023,-0.693827033776307,0.166574645951897,1.13044471962651e-06,0.000171465001907122
"Gpal_D383_g09509",232.355291368124,-0.601684395434681,0.293153695790777,0.00240451779450488,0.0382002380898374
"Gpal_D383_g09517",822.758123161626,0.582508878995677,0.1298633189308,7.87101710601585e-07,0.000127154158496688
"Gpal_D383_g09518",514.980421593988,0.549484859645428,0.14826937140569,2.80169281530651e-05,0.00194162142605595
"Gpal_D383_g09522",157.168821079912,0.686025629238129,0.261789134643013,0.000297019994534009,0.0110756213785773
"Gpal_D383_g09551",387.45945641058,0.813502981974979,0.192021790445477,2.50334740836483e-07,5.29589731995918e-05
"Gpal_D383_g09555",72.9441214533548,-1.69535513186805,0.644676866168925,5.9453236924608e-05,0.00343808431578253
"Gpal_D383_g09571",83.0272688383799,-2.8145045339025,2.0167378667255,2.04017719248324e-05,0.00149099858639753
"Gpal_D383_g09600",520.385587143673,0.446415259953165,0.130426561337171,0.000171913678424943,0.0079107398882592
"Gpal_D383_g09607",88.9494597848384,-0.703650490744101,0.361485062627468,0.00152775597654103,0.0284296997579012
"Gpal_D383_g09608",70.0720341388658,-0.899449055532161,0.62559001050178,0.00264735792317024,0.0409271352776261
"Gpal_D383_g09618",953.579652833401,0.449995403012391,0.145687822863435,0.000524298070188221,0.0147888848640109
"Gpal_D383_g09630",2004.55068070506,0.532738563970358,0.125426423384877,3.46716343259409e-06,0.000392570800487661
"Gpal_D383_g09652",852.670757319654,0.546329934574945,0.13847975819445,1.11719242388231e-05,0.00100911347141459
"Gpal_D383_g09687",33.8861209244515,-1.57460493307424,1.34205697664692,0.000753590829815023,0.0190165854861904
"Gpal_D383_g09691",102.175494590833,-0.952983311958753,0.471154812163437,0.000452787231356613,0.0134813205662067
"Gpal_D383_g09694",39.751067096933,0.659307029318137,0.380346669653671,0.00321510802476334,0.0452648921384807
"Gpal_D383_g09706",174.34727694604,0.53036424326609,0.209930175207905,0.00144003062374291,0.0278217889571272
"Gpal_D383_g09743",936.696747058288,0.410846725530452,0.138728576153726,0.00101223392477752,0.0224169380751694
"Gpal_D383_g09745",516.52747673999,-0.924241165807407,0.294698841712395,1.09661251450796e-05,0.00100178045501471
"Gpal_D383_g09746",303.520495957004,-0.714899049086129,0.29818896872053,0.000444402399113042,0.0134306424303374
"Gpal_D383_g09771",1547.18115037386,0.436013313242481,0.11170689553974,2.91595634039963e-05,0.00198655703563327
"Gpal_D383_g09773",1770.01571454704,0.608595305241306,0.15684315226229,8.4384338214433e-06,0.000827275237690033
"Gpal_D383_g09852",668.584370566427,0.455576054099028,0.15772341253587,0.000943471759691206,0.0216701985033074
"Gpal_D383_g09867",36.7554229888176,1.00289422587092,0.465327323541265,0.00026853759413949,0.0104794840742105
"Gpal_D383_g09897",113.07499703575,-1.33469190096802,0.560477420236959,0.000105429403755538,0.00533048413075958
"Gpal_D383_g09937",644.406546304776,0.322549527126104,0.11486654816449,0.00259824586824362,0.0404792607263768
"Gpal_D383_g09982",1138.41343959654,0.478247404685258,0.148435166640461,0.000277247362653573,0.0106127869581412
"Gpal_D383_g10021",12.4067005686596,-1.18857377323547,1.41514657330204,0.000861036754905029,0.0206623118587508
"Gpal_D383_g10047",61.7746689932719,0.597797293469053,0.308081343050403,0.00313691986998409,0.0443973571035249
"Gpal_D383_g10057",35.2805101650322,0.894341441177048,0.550498888440036,0.00164628429307216,0.0298746714040792
"Gpal_D383_g10063",1085.17578572116,0.332424660742961,0.114460827374938,0.00184642539040209,0.0323890800773669
"Gpal_D383_g10181",73.5838405886703,0.747859598082446,0.414315058495301,0.00171146127776548,0.030703824847898
"Gpal_D383_g10315",59.021332728555,0.761667305922117,0.361587625545025,0.000731684273144278,0.018721865319236
"Gpal_D383_g10338",10.6316454810046,-1.33183166656248,1.37269427167073,0.000995438999047749,0.0221520288672695
"Gpal_D383_g10348",350.820442646138,0.593375456183493,0.218283312802787,0.000500512126106081,0.0144215662428917
"Gpal_D383_g10443",438.10933851042,-0.805817818086863,0.21803873353305,2.68753947996221e-06,0.00033238661352948
"Gpal_D383_g10685",1065.32953463768,0.802556310369033,0.144974772355103,3.69880099372784e-10,2.70315101714346e-07
"Gpal_D383_g10710",544.50980365869,0.500220809227234,0.168561468640016,0.000532127777254536,0.0149572559487735
"Gpal_D383_g10726",156.765375757299,-0.637763200500131,0.233965392957268,0.000331442110143872,0.011777061462525
"Gpal_D383_g10932",1343.91025853048,0.541720233589417,0.169414626071586,0.000183000682000537,0.00819295758228509
"Gpal_D383_g10933",31.4285057014145,-1.59601662762358,1.37286012240287,0.0006623063459922,0.0173429339264863
"Gpal_D383_g10949",9.40877546080011,-1.34451064646237,1.37638238792859,0.000965633084061165,0.0219683211008208
"Gpal_D383_g10984",68.7110376342901,-1.62447004614222,1.55621697437941,0.000321594549642073,0.0116334263673988
"Gpal_D383_g10985",2587.20600262753,0.622661978377389,0.164229087051714,1.05171450488298e-05,0.000971808379856816
"Gpal_D383_g11015",100.038836706282,-2.26720707164768,0.807252687882216,3.49428859477153e-05,0.00230250705027609
"Gpal_D383_g11085",11.8866449543169,-1.54361924203958,1.47330448049307,0.000495077559340091,0.0143162895666726
"Gpal_D383_g11129",115.768239100715,0.515815674698291,0.238525429383086,0.00382024588544633,0.049374528413349
"Gpal_D383_g11164",34.0246610332939,-2.52522360710638,0.582377061048171,5.57113534511227e-07,9.95252378652389e-05
"Gpal_D383_g11173",97.4483161107661,-1.27221222809337,0.601343054608946,0.000239036072378064,0.00970510598912756
"Gpal_D383_g11240",83.1731059296525,-1.32768534253726,0.653489744202451,0.000300955146414393,0.011149209318089
"Gpal_D383_g11254",92.7993254297866,-0.883866313052438,0.372717966447665,0.000188281811775165,0.00831646969703602
"Gpal_D383_g11272",17.1764542469308,-0.988467707630371,1.28317182767967,0.00181617181933591,0.0320179939816697
"Gpal_D383_g11278",1149.3884885636,0.484023828012229,0.150883876513919,0.000278554303789997,0.0106127869581412
"Gpal_D383_g11290",21.4045760843988,-1.04922210303835,0.867005585714398,0.00327746302059696,0.0456562196693291
"Gpal_D383_g11298",1568.25596982565,0.288159052906025,0.103600165692511,0.00325451570799389,0.0455802295758935
"Gpal_D383_g11312",499.056679797459,0.439894331026491,0.153384856705319,0.00111858883479606,0.0240597349031981
"Gpal_D383_g11314",35.7669372090111,-0.942566192369889,0.747608347755285,0.00367187303313411,0.0481536497771046
"Gpal_D383_g11319",190.180744742428,-1.17570368296611,0.290076335683505,1.45455987255019e-07,3.43917847512676e-05
"Gpal_D383_g11326",480.202945826125,-0.549910825841904,0.186874234442492,0.000381932836269434,0.0123804760918144
"Gpal_D383_g11328",227.918581360841,0.924111374132269,0.203698893159163,2.4328768859381e-08,6.9849633164487e-06
"Gpal_D383_g11329",347.754020660676,0.954769248414974,0.198149813199696,4.7604965497128e-09,1.82236341729244e-06
"Gpal_D383_g11334",321.106218231824,0.907977891126091,0.227809379831611,3.60953449160662e-07,6.74815064605248e-05
"Gpal_D383_g11335",38.0055412008213,-1.0827063339619,0.788473010369258,0.00220417690204158,0.0361877168223725
"Gpal_D383_g11337",1041.78232561473,-0.483312841809276,0.159297204050381,0.0004923948656807,0.0142901166974987
"Gpal_D383_g11341",225.545632069718,0.445383272192251,0.180541586385154,0.00328265890892801,0.0456562196693291
"Gpal_D383_g11347",109.663989001416,-0.846783463608507,0.516731009444372,0.00180519195142529,0.0318943694450723
"Gpal_D383_g11354",243.650785040626,1.25186114807363,0.798404796802934,0.00110297628830419,0.0238355547894552
"Gpal_D383_g11358",109.353896387799,-1.39042936116123,1.07169525465609,0.00145591232147061,0.0278374106983835
"Gpal_D383_g11372",1804.58944128378,-0.383532009339211,0.131222498312633,0.00134106150463427,0.0266851322667201
"Gpal_D383_g11379",66.8741875847164,0.745021250569655,0.426965452988941,0.0020104170931533,0.0343866872592753
"Gpal_D383_g11409",2737.08549730308,0.610941831981739,0.111599095157031,3.91446124108829e-09,1.65622915353204e-06
"Gpal_D383_g11412",2353.10264443556,0.314428389198732,0.113354298648514,0.00298685800864132,0.0432168958686284
"Gpal_D383_g11414",700.767787047426,0.458606802698229,0.142976952348631,0.000334232566726692,0.011777061462525
"Gpal_D383_g11415",18.842200781359,-1.13876127911572,0.996145300539909,0.00296253710635047,0.0432168958686284
"Gpal_D383_g11416",32.7700697336129,-2.54485695663789,0.865613556726616,2.01342049712152e-05,0.00148651800021159
"Gpal_D383_g11465",80.6869919519792,-0.591274319357223,0.309197823968108,0.00348668620273846,0.0468627275420505
"Gpal_D383_g11513",21.3989052346947,-1.13574158729991,0.894490696047507,0.00249400791893108,0.0392354787872544
"Gpal_D383_g11533",214.861049684747,0.976245943464575,0.249377188890668,3.45217309465597e-07,6.60762369236651e-05
"Gpal_D383_g11539",764.879514116255,0.886808536468065,0.160718775448923,1.71112293728739e-10,1.37557172928533e-07
"Gpal_D383_g11603",386.580852984055,0.560243097775843,0.196879233438959,0.000465913409536071,0.0136696273695638
"Gpal_D383_g11611",25.6513891577381,-1.95127172052184,0.697489026422816,4.084796417705e-05,0.00260616495253416
"Gpal_D383_g11627",10.598196315819,-1.14384144227087,1.29111127400852,0.00174132944920084,0.031038907853937
"Gpal_D383_g11629",335.249400699125,0.436648053886509,0.175562399797815,0.0033187713700833,0.0459201429330459
"Gpal_D383_g11685",106.64320997197,0.565588598725124,0.27626494879627,0.00322904641962955,0.0453024505539301
"Gpal_D383_g11714",1186.01877981415,-0.717704875192436,0.160651254109166,2.29822865712859e-07,4.99336761477209e-05
"Gpal_D383_g11723",20.8410419856136,0.980635059972128,0.683771873287508,0.00226299423153285,0.0369010357551573
"Gpal_D383_g11749",61.0970128227563,0.759108725614232,0.393347961640815,0.00118199772386061,0.0248985374264141
"Gpal_D383_g11758",1288.99792990683,0.547450121311815,0.167025610477536,0.000133513634848841,0.00646575970210744
"Gpal_D383_g11777",369.678077513176,0.551182743231301,0.138603951479915,9.43857046009927e-06,0.000882286836380674
"Gpal_D383_g11817",58.8874787227661,-1.20616568617336,1.42511660144084,0.000814409836569461,0.0202069156672281
"Gpal_D383_g11822",68.1051267727446,-0.665475987039977,0.408812498887396,0.00388684418931193,0.0499142818496464
"Gpal_D383_g11842",33.1480548991162,-1.06201152761587,0.964937590506786,0.00371776322987295,0.0485817324753332
"Gpal_D383_g11847",2644.44137083929,0.387343563032436,0.112182705954461,0.000219203379255123,0.00922605217713054
"Gpal_D383_g11852",35.4992554092838,-1.51464421573912,1.05086573991553,0.000973139283673401,0.0219854618209662
"Gpal_D383_g11855",21.8963006993853,-1.54093868446008,1.06120869854545,0.000914769210673542,0.0213068910546957
"Gpal_D383_g11862",2754.51008309114,0.324688758032425,0.11606500835936,0.00265678352211941,0.0409856639342994
"Gpal_D383_g11865",606.701823293522,0.366568821902558,0.138970850759215,0.00343445938035449,0.0466378698626178
"Gpal_D383_g11866",320.904012277305,0.68392332155608,0.191849639633259,1.38275236759435e-05,0.00118254747692457
"Gpal_D383_g11867",1355.44199010311,0.387767827189033,0.127846019312789,0.00092358009968579,0.0213352310959025
"Gpal_D383_g11891",47.9429685061921,1.10926039088023,0.569214276921984,0.00044085209189005,0.0134306424303374
"Gpal_D383_g11906",347.948003249939,-0.538635661354049,0.217137292325767,0.0015076524188179,0.028331372055317
"Gpal_D383_g12088",1993.44144152701,0.416243203157108,0.118944717012742,0.000156948764504301,0.00742183010500047
"Gpal_D383_g12120",41.5730451913086,-1.37850741556645,0.738016484517852,0.000461888632654587,0.0136011821168873
"Gpal_D383_g12122",770.644995309293,-0.664170790595578,0.235542016344921,0.000200149230456552,0.00869729547913632
"Gpal_D383_g12198",9.58336633711397,-1.11018031068925,1.00290951711078,0.00327457506072609,0.0456562196693291
"Gpal_D383_g12357",13.5294196302119,-1.53719144444844,1.39380659396412,0.000687561585641368,0.0178300244740999
"Gpal_D383_g12396",133.012971603414,1.29128530100279,0.418224000961766,9.31016238724219e-06,0.000880522299188706
"Gpal_D383_g12459",20.515172247457,-1.33036590935727,0.827439667193875,0.000920695780042,0.021329894454633
"Gpal_D383_g12504",69.1096981675022,1.41780475077141,0.410581838281995,3.05863712311837e-06,0.000361593879893362
"Gpal_D383_g12519",7.22919284316072,-0.822331454165953,1.1639247526129,0.00360228382325242,0.0478657184382252
"Gpal_D383_g12542",2787.29923433189,0.610515035064294,0.146031771457068,2.38341915478153e-06,0.000309037202988528
"Gpal_D383_g12552",242.42053371946,0.513019875213431,0.198861827963457,0.00144898639723173,0.0278374106983835
"Gpal_D383_g12561",360.643652291871,0.500492197259921,0.162206529402406,0.0003669676129734,0.0122408823265276
"Gpal_D383_g12583",630.799921601281,-1.0661062264413,1.10043722290218,0.00364483358652329,0.0480698251343635
"Gpal_D383_g12596",385.079317899521,0.636390091022343,0.198750517769722,7.75649269660391e-05,0.00414507447690142
"Gpal_D383_g12597",2921.87317689199,0.590198042408614,0.244159090598444,0.00113597907647059,0.0242231718720082
"Gpal_D383_g12634",52.7324840531769,-0.923470612101879,1.24831139167826,0.00218561946622716,0.0360784289301852
"Gpal_D383_g12665",1059.25601810765,-0.327659760329388,0.122308772598663,0.00372264550376978,0.0485817324753332
"Gpal_D383_g12666",2417.26668683826,1.19761612909313,0.141377318485811,4.23428345832735e-20,6.80788094429871e-17
"Gpal_D383_g12815",1040.82806733344,0.543469338255137,0.154304895771068,5.85272495171456e-05,0.00343808431578253
"Gpal_D383_g12910",51.1935303698931,-1.76933991888916,0.628400702287846,3.74704115055729e-05,0.00240979710474641
"Gpal_D383_g12951",6.15818206728585,-0.987682282956725,1.20804561455925,0.00291641744818102,0.0429427120493334
"Gpal_D383_g12952",10.702334267944,-0.828164363403494,1.18134194801891,0.00317798956241903,0.0448208036706782
"Gpal_D383_g12980",178.237611051473,-1.7517516480941,0.966309386480213,0.000381737774601988,0.0123804760918144
"Gpal_D383_g12984",885.953411031939,1.00356432686122,0.222179242243554,1.76593136292909e-08,5.46012393330268e-06
"Gpal_D383_g13060",79.1074238228499,-0.675145127959536,0.37836019917013,0.00262540536837561,0.0407444667111419
"Gpal_D383_g13200",107.247982544903,0.781223282172952,0.306553363617632,0.000183447240304928,0.00819295758228509
"Gpal_D383_g13265",38.2310432923651,-2.6893710413964,0.957165284405814,1.99731024472664e-05,0.00148651800021159
"Gpal_D383_g13296",74.1065727522642,-0.870975697364342,0.449596238637912,0.000735267343088577,0.018721865319236
"Gpal_D383_g13311",499.616882081419,0.379099079242584,0.146048553579296,0.00359852898568543,0.0478657184382252
"Gpal_D383_g13323",341.117267476995,0.981518725480239,0.196863400742381,1.68453467688855e-09,9.67283876250503e-07
"Gpal_D383_g13324",58.9065203723978,1.407193861875,0.433152257140254,6.26572705616163e-06,0.000662765523743202
"Gpal_D383_g13392",58.4765272102973,-0.916960619762391,0.72668762403484,0.00386867910033197,0.0498402424480268
"Gpal_D383_g13408",6.18870809975215,-0.93536695365506,1.19907319943942,0.00308346508492258,0.0439301636291862
"Gpal_D383_g13438",48.3894262839967,-1.47415995015488,0.996824982227388,0.000989364539212189,0.0220930598075744
"Gpal_D383_g13450",26.1214408744868,-1.58044843877344,1.32892953509266,0.0007689206731463,0.0192565523097293
"Gpal_D383_g13451",534.485992684814,-1.0552809635082,0.558484863712122,0.00056332603404607,0.0154884994759089
"Gpal_D383_g13454",94.7090888778608,1.18969569043626,0.342222355852799,1.81586486836507e-06,0.000256100660996259
"Gpal_D383_g13489",196.026719574468,0.610786209007842,0.239518862239326,0.000678348719509722,0.0177053420653853
"Gpal_D383_g13499",204.631951301637,0.492729033030067,0.213425742755996,0.00334062393627474,0.0459850613419736
"Gpal_D383_g13594",32.7348718794065,0.839180591320394,0.552719360881753,0.00251754189987333,0.0394629286925805
"Gpal_D383_g13612",1609.15630184322,0.412294974058766,0.107836061170146,4.63062657669494e-05,0.00288570597287214
"Gpal_D383_g13626",20.2681127782822,-1.28000723160723,1.16325196963826,0.00199920490258644,0.0342678213473185
"Gpal_D383_g13628",39.0766724773583,-2.16653843054708,0.733066801866036,2.71260049391027e-05,0.00189622568439519
"Gpal_D383_g13631",615.947804918232,-0.735082309119823,0.200323166107298,5.68503980122211e-06,0.000609360466160327
"Gpal_D383_g13665",17.4509134632642,-1.49386634864237,1.39425846631961,0.000735926040661595,0.018721865319236
"Gpal_D383_g14016",253.551454218372,0.873577622609958,0.29689023531722,2.88282410544695e-05,0.00198077119518701
"Gpal_D383_g14128",6.89701165278409,-1.27975943648026,1.32660957155943,0.00130113925575104,0.0263472505717446
"Gpal_D383_g14137",266.955732755924,1.61817354554505,0.307854549004089,3.45338244053228e-09,1.54231896885772e-06
"Gpal_D383_g14162",66.9849777221843,-1.74190118865279,0.821027436647422,0.000206237101411587,0.00881883009706248
"Gpal_D383_g14173",209.468275797949,0.592682784081024,0.207983751790589,0.000346153378088603,0.0119945129588547
"Gpal_D383_g14218",8.09301832312159,1.3734566078617,1.25672171851744,0.00139890403150085,0.0272203900967563
"Gpal_D383_g14229",1460.2239275614,0.282612007233718,0.10047035693103,0.00302112494125861,0.043524773123258
"Gpal_D383_g14230",66.6958380047157,-0.93619441167653,0.697026145314136,0.00308345559024862,0.0439301636291862
"Gpal_D383_g14358",970.427623260042,-0.493325591203047,0.156832493423751,0.000319295414021967,0.0116145512820027
"Gpal_D383_g14393",12.863172364876,-1.14112169161132,1.11816861019295,0.00296063809318106,0.0432168958686284
"Gpal_D383_g14463",540.983044566622,0.681216013458103,0.171309335584508,2.83910143238245e-06,0.000340649797237649
"Gpal_D383_g14475",39.1680311225426,0.753925948788782,0.367026716104446,0.000877236518662086,0.0208718519857373
"Gpal_D383_g14476",358.035253915467,0.454600381733964,0.167913094486515,0.00161105811232596,0.029522252630875
"Gpal_D383_g15127",649.016436406067,0.479649497231153,0.155947904669398,0.000443224049185788,0.0134306424303374
"Gpal_D383_g15162",229.102121261848,0.767128354934726,0.417468057183606,0.00144317526994925,0.0278217889571272
"Gpal_D383_g15176",25.3421719355245,-1.67675652798319,0.922235698262784,0.000411775341679585,0.012976157176336
"Gpal_D383_g15233",361.285426828266,-1.37037822448887,0.263259658938159,1.08662553793741e-09,6.71952515344528e-07
"Gpal_D383_g15261",1320.75628899066,1.65722801855137,0.177322698066721,1.20038362202766e-21,3.21662797916013e-18
"Gpal_D383_g15281",11.5756407524057,-19.5143601685866,1.93955651825527,4.31349619789077e-24,1.7338097967422e-20
"Gpal_D383_g15406",14.3944567239213,-2.49511329949528,1.49867545374684,5.88525871826612e-05,0.00343808431578253
"Gpal_D383_g15533",328.249668970004,0.530050504150036,0.15437061739681,8.97504706404962e-05,0.00462502585563429
"Gpal_D383_g15788",8018.47661156469,0.66376365374502,0.0968477732756377,4.07134001229393e-13,4.09118779485386e-10
"Gpal_D383_g15824",600.576083539892,-0.494184321736346,0.187704622037345,0.00146561352974904,0.0278535866800296
"Gpal_D383_g16120",46.1632807795238,-0.8999891551189,0.641333593406195,0.00288068416233277,0.0429427120493334
"Gpal_D383_g16123",604.435014852255,0.595025784511608,0.134140259030892,8.85452797632686e-07,0.00013688759692633
"Gpal_D383_g16126",71.7925858807141,-1.36243873546075,0.599933115730867,0.000148378503695109,0.00705807568760343
"Gpal_D383_g16134",982.225716977796,0.361378834592506,0.119184493062741,0.0010676127868214,0.023258913802865
"Gpal_D383_g16135",72.9845004672022,-1.23164195287929,0.473370770135638,4.99436666592153e-05,0.00304164497176842
"Gpal_D383_g16141",13.6037728403834,-1.05840937495369,1.17514491172115,0.00313293769203255,0.0443973571035249
"Gpal_D383_g16146",68.3866807882877,-1.20119380179532,0.711588938129864,0.000854684894159788,0.0205712930064387
"Gpal_D383_g16157",23.1571266792903,-0.776981755037949,1.21222969507001,0.00229549315944597,0.0371297173215014
"Gpal_D383_g16164",11.2572385751767,-1.06353171538812,1.20285051678233,0.0028144818409604,0.042449567578763
"Gpal_D383_g16168",12.4969200873657,-1.23986712275857,1.40897259706298,0.000877557652839807,0.0208718519857373
"Gpal_D383_g16179",489.195240773755,-0.427396204684835,0.134663356995303,0.000459657901523415,0.0135852568762748
"Gpal_D383_g16231",112.103958848573,1.87106029774546,0.444238371824109,6.16032067767995e-07,0.00010536769771887
"Gpal_D383_g16232",332.136041068411,0.791517589118474,0.275804386443601,6.16651604019753e-05,0.00346661695434601
"Gpal_D383_g16234",557.210767712273,0.60616344075329,0.156500997567243,8.87577119514651e-06,0.000859666561900998
"Gpal_D383_g16300",90.4975241743779,0.805472512823873,0.410451542986044,0.000876143561717478,0.0208718519857373
"Gpal_D383_g16362",616.708998885636,0.473328118619111,0.157988242570803,0.000597252942267829,0.0160043880096369
"Gpal_D383_g16385",246.589500753546,0.520984367155362,0.180020985737816,0.000562929141009339,0.0154884994759089
"Gpal_D383_g16479",30.9427753933872,-1.79558900114358,0.751067950095855,0.000108937419412868,0.00540585132506203
"Gpal_D383_g16573",216.767754761878,-0.705854211303367,0.38800707635574,0.00204370816833214,0.0346611180700887
"Gpal_D383_g16585",49.2308847908002,-1.52672462698037,1.23294735814496,0.00101749220478913,0.0224714830612632
"Gpal_D383_g16599",1166.99269921068,0.36800369499027,0.13108847013959,0.0020789199756886,0.0348175785095014
"Gpal_D383_g16611",84.2628831815509,0.550651651563882,0.271993610166203,0.00381558506654294,0.049374528413349
"Gpal_D383_g16640",70.3010848699726,0.718831363473639,0.413304748029968,0.00230674067084297,0.037236723399411
"Gpal_D383_g16646",22.3739471985465,-1.29648784460765,1.16974145259123,0.00190715027729843,0.032971142105811
"Gpal_D383_g16655",1827.42367786109,0.466116197212585,0.103193290733694,1.64715286044655e-06,0.000245212256391293
"Gpal_D383_g16995",50.365183797186,1.02701751990864,0.623106798557208,0.00118313736744498,0.0248985374264141
"Gpal_D383_g17063",29.1671329972936,-1.298138510778,1.49043880932618,0.000574975594320563,0.0155630599418956
"Gpal_D383_g17089",1082.18486838849,0.605561543492739,0.132856595558123,4.57780342003171e-07,8.36385493037157e-05
"Gpal_D383_g17092",84.5397101906846,-0.828303183319754,0.527737437342057,0.00228270434338592,0.0369972988235473
"Gpal_D383_g17113",667.327351266531,0.356934152941303,0.126161696834614,0.00206323028607348,0.0347721347374103
"Gpal_D383_g17800",322.342489108919,0.594016860278833,0.219779197906686,0.000519722114575381,0.0147114298558855
"Gpal_D383_g18016",6.01104824247158,1.05155862153105,1.24463716372169,0.00233579755700596,0.0375556112040496
